city,tier,state,food_gov_cr,food_orders_mn,aov_rs,avg_delivery_time_min,restaurant_partners,yoy_growth_pct,take_rate_pct,dark_stores,instamart_gov_cr,instamart_orders_mn,avg_order_value_rs,total_gov_cr
Bengaluru,1,Karnataka,4362.6,9.09,469,33,1591,15.310090327011647,20.85974121048852,93.0,1606.4,3.92,410.0,5969.0
Delhi NCR,1,Delhi/NCR,4229.8,9.2,460,37,1718,15.097802089807171,20.13034765529436,93.0,1379.8,3.37,406.0,5609.6
Mumbai,1,Maharashtra,3948.4,8.06,493,39,1457,11.470738288053596,19.0887276019541,90.0,1486.0,3.62,387.0,5434.4
Hyderabad,1,Telangana,2642.9,5.94,452,28,1158,19.45371766648562,19.60653012024796,65.0,851.4,2.08,422.0,3494.3
Chennai,1,Tamil Nadu,2173.3,5.17,438,27,996,17.829623563060103,20.808436900992984,56.0,680.4,1.66,417.0,2853.7000000000003
Pune,1,Maharashtra,1610.1,3.74,419,33,698,19.396223262964458,19.55526256674872,47.0,538.2,1.31,392.0,2148.3
Kolkata,1,West Bengal,1297.0,3.41,393,34,631,9.564941929611361,20.08994658286953,34.0,368.4,0.9,422.0,1665.4
Ahmedabad,2,Gujarat,894.0,2.48,349,37,539,19.587004963906008,20.720655562908913,29.0,255.0,0.62,416.0,1149.0
Jaipur,2,Rajasthan,640.5,1.88,357,40,310,21.288353545182204,22.322010060569852,21.0,186.8,0.46,388.0,827.3
Lucknow,2,Uttar Pradesh,598.7,1.81,345,39,421,26.018817551480527,21.99771444415913,20.0,137.8,0.34,390.0,736.5
Chandigarh,2,Punjab,443.7,1.11,388,33,276,21.818421584676067,21.8033225313884,18.0,135.7,0.33,433.0,579.4
Indore,2,Madhya Pradesh,415.3,1.3,339,40,216,27.7495173429491,20.909658762605773,12.0,108.6,0.26,419.0,523.9
Surat,2,Gujarat,396.7,1.13,337,35,226,21.24010615926047,19.958863945623968,10.0,89.3,0.22,431.0,486.0
Bhopal,2,Madhya Pradesh,309.3,1.0,296,43,164,26.019325289332357,21.295029223832596,5.0,42.8,0.1,412.0,352.1
Nagpur,2,Maharashtra,287.0,0.87,324,39,220,23.6911286486404,19.413576896675796,8.0,39.2,0.1,430.0,326.2
Kochi,2,Kerala,270.3,0.66,405,35,187,20.410426262823314,21.81218325634697,9.0,66.2,0.16,413.0,336.5
Coimbatore,2,Tamil Nadu,224.6,0.62,354,37,159,21.475706061468557,20.302063300274742,9.0,62.9,0.15,404.0,287.5
Patna,2,Bihar,215.2,0.72,308,46,90,29.57396416425011,21.62804873727024,5.0,25.7,0.06,442.0,240.89999999999998
Visakhapatnam,2,Andhra Pradesh,214.3,0.61,364,34,171,24.031514234687144,21.892601131377095,6.0,46.2,0.11,428.0,260.5
Vadodara,2,Gujarat,167.8,0.49,343,36,137,19.06502590888179,22.168836917467424,2.0,21.7,0.05,430.0,189.5
Bhubaneswar,3,Odisha,129.5,0.43,291,43,154,31.895125697855853,20.725589802201316,,,,,129.5
Guwahati,3,Assam,100.0,0.34,279,45,150,33.97198727221949,21.353814596269636,,,,,100.0
Nashik,3,Maharashtra,126.7,0.41,317,39,61,26.547236618292143,20.730471066459035,,,,,126.7
Agra,3,Uttar Pradesh,69.8,0.24,305,43,125,32.422213340746055,20.91070519557746,,,,,69.8
Mysuru,3,Karnataka,95.7,0.28,336,35,73,27.021783245424242,22.034040468587946,,,,,95.7
Rest of India,3,Multiple,3483.6,12.44,277,47,2325,29.931160355742136,21.471847795047736,,,,,3483.6
