fiscal_year,city,tier,state,gov_cr,orders_mn,aov_rs,avg_delivery_time_min,restaurant_partners,yoy_growth_pct,take_rate_pct
FY2022,Bengaluru,1,Karnataka,1754.5,3.66,493,32,679,18.59195090518222,19.54606524154853
FY2022,Delhi NCR,1,Delhi/NCR,1687.1,3.67,455,35,697,14.00225166683413,19.50003386272679
FY2022,Mumbai,1,Maharashtra,1589.6,3.24,476,39,570,11.004672595046086,22.47274045751926
FY2022,Hyderabad,1,Telangana,1060.4,2.38,451,32,466,18.74737484118825,21.141485131528327
FY2022,Chennai,1,Tamil Nadu,865.3,2.06,432,30,334,16.736419905302217,21.748115864875547
FY2022,Pune,1,Maharashtra,633.1,1.47,417,33,264,20.081845231526678,20.5767473818934
FY2022,Kolkata,1,West Bengal,508.4,1.34,389,34,204,13.850384088698767,20.066148192106798
FY2022,Ahmedabad,2,Gujarat,335.8,0.93,364,37,227,23.099581112952748,21.134988302239172
FY2022,Jaipur,2,Rajasthan,271.4,0.8,359,36,143,24.97513370612389,20.09098876631294
FY2022,Lucknow,2,Uttar Pradesh,235.4,0.71,318,42,222,27.650796940166686,22.28824629547466
FY2022,Chandigarh,2,Punjab,191.7,0.48,398,35,75,23.067203092068908,21.61562038548083
FY2022,Indore,2,Madhya Pradesh,165.8,0.52,328,38,166,26.65599509213526,20.03695726996429
FY2022,Surat,2,Gujarat,139.1,0.4,359,35,109,22.36928910905342,20.02720861151313
FY2022,Bhopal,2,Madhya Pradesh,109.6,0.35,311,41,44,27.635759848686067,22.242053074796722
FY2022,Nagpur,2,Maharashtra,123.3,0.37,342,38,87,24.69670404482922,19.33393540771644
FY2022,Kochi,2,Kerala,100.4,0.24,418,35,91,19.547786726246365,19.961526275465225
FY2022,Coimbatore,2,Tamil Nadu,96.3,0.27,379,37,128,23.564710291701385,20.964470191493238
FY2022,Patna,2,Bihar,92.9,0.31,311,42,19,27.665344924870986,20.537677756530194
FY2022,Visakhapatnam,2,Andhra Pradesh,70.2,0.2,366,34,37,24.3796534318583,21.434306302491446
FY2022,Vadodara,2,Gujarat,56.0,0.16,339,38,6,20.372788992949737,19.269429684400777
FY2022,Bhubaneswar,3,Odisha,50.2,0.17,306,43,45,32.74612428880276,20.034717900432
FY2022,Guwahati,3,Assam,31.1,0.11,302,46,76,33.119420353316215,22.12395649471492
FY2022,Nashik,3,Maharashtra,48.5,0.16,322,39,106,27.36761097525165,20.4948772601919
FY2022,Agra,3,Uttar Pradesh,47.9,0.17,277,44,116,30.9089798281539,21.423526115115948
FY2022,Mysuru,3,Karnataka,26.0,0.08,348,37,81,23.312585317438423,20.953357007060696
FY2022,Rest of India,3,Multiple,1392.0,4.97,276,47,974,26.80526985890062,19.996941730321137
FY2023,Bengaluru,1,Karnataka,3281.5,6.84,466,31,1234,15.198304397403291,20.207749368093392
FY2023,Delhi NCR,1,Delhi/NCR,3195.4,6.95,446,37,1268,12.485119957996291,20.293790596214915
FY2023,Mumbai,1,Maharashtra,2959.7,6.04,498,40,1152,16.900538845369056,20.395885548555935
FY2023,Hyderabad,1,Telangana,1992.7,4.48,445,28,879,20.049192660444312,21.435344823768087
FY2023,Chennai,1,Tamil Nadu,1664.3,3.96,423,28,808,16.091995923750375,19.336617928819972
FY2023,Pune,1,Maharashtra,1227.6,2.85,432,29,473,18.046398106301552,19.39715732434206
FY2023,Kolkata,1,West Bengal,1007.0,2.65,394,32,525,10.371300130783798,19.612342244835776
FY2023,Ahmedabad,2,Gujarat,679.3,1.89,346,34,337,24.792516107732762,20.95402708762484
FY2023,Jaipur,2,Rajasthan,499.3,1.47,333,36,312,25.202146979836627,21.96331399783407
FY2023,Lucknow,2,Uttar Pradesh,454.3,1.38,347,41,272,28.613809965325686,21.7486922788988
FY2023,Chandigarh,2,Punjab,336.8,0.84,419,32,199,23.841983020531906,19.99372341158113
FY2023,Indore,2,Madhya Pradesh,300.2,0.94,306,39,186,26.4234945249808,20.138898943557436
FY2023,Surat,2,Gujarat,295.9,0.85,342,37,247,21.848364751114335,20.89889080694215
FY2023,Bhopal,2,Madhya Pradesh,242.4,0.78,316,43,140,29.35227933106268,21.20898519099042
FY2023,Nagpur,2,Maharashtra,231.8,0.7,344,38,102,26.013544357978596,22.02458647775166
FY2023,Kochi,2,Kerala,187.2,0.46,413,34,66,20.611324085837854,19.152613201140518
FY2023,Coimbatore,2,Tamil Nadu,195.8,0.54,374,37,92,24.489186341322693,20.295555450894057
FY2023,Patna,2,Bihar,134.6,0.45,308,46,76,32.79992891426202,22.372669919812385
FY2023,Visakhapatnam,2,Andhra Pradesh,168.1,0.48,355,34,102,22.016956480116555,20.948804418604226
FY2023,Vadodara,2,Gujarat,149.4,0.44,327,37,60,23.026861100944302,20.255263734536573
FY2023,Bhubaneswar,3,Odisha,100.2,0.33,286,41,25,34.09201876954805,19.478174660047102
FY2023,Guwahati,3,Assam,96.4,0.33,303,44,34,36.86068036807509,22.034753115030362
FY2023,Nashik,3,Maharashtra,104.5,0.34,301,39,46,30.78977107380065,21.274873757722176
FY2023,Agra,3,Uttar Pradesh,74.1,0.26,290,45,110,30.027970941109213,20.314540334239805
FY2023,Mysuru,3,Karnataka,49.8,0.15,347,37,39,27.891045329863186,21.936267257242772
FY2023,Rest of India,3,Multiple,2632.4,9.4,270,48,1742,28.133459560328827,21.69497743584514
FY2024,Bengaluru,1,Karnataka,4362.6,9.09,469,33,1591,15.310090327011647,20.85974121048852
FY2024,Delhi NCR,1,Delhi/NCR,4229.8,9.2,460,37,1718,15.097802089807171,20.13034765529436
FY2024,Mumbai,1,Maharashtra,3948.4,8.06,493,39,1457,11.470738288053596,19.0887276019541
FY2024,Hyderabad,1,Telangana,2642.9,5.94,452,28,1158,19.45371766648562,19.60653012024796
FY2024,Chennai,1,Tamil Nadu,2173.3,5.17,438,27,996,17.829623563060103,20.808436900992984
FY2024,Pune,1,Maharashtra,1610.1,3.74,419,33,698,19.396223262964458,19.55526256674872
FY2024,Kolkata,1,West Bengal,1297.0,3.41,393,34,631,9.564941929611361,20.08994658286953
FY2024,Ahmedabad,2,Gujarat,894.0,2.48,349,37,539,19.587004963906008,20.720655562908913
FY2024,Jaipur,2,Rajasthan,640.5,1.88,357,40,310,21.288353545182204,22.322010060569852
FY2024,Lucknow,2,Uttar Pradesh,598.7,1.81,345,39,421,26.018817551480527,21.99771444415913
FY2024,Chandigarh,2,Punjab,443.7,1.11,388,33,276,21.818421584676067,21.8033225313884
FY2024,Indore,2,Madhya Pradesh,415.3,1.3,339,40,216,27.7495173429491,20.909658762605773
FY2024,Surat,2,Gujarat,396.7,1.13,337,35,226,21.24010615926047,19.958863945623968
FY2024,Bhopal,2,Madhya Pradesh,309.3,1.0,296,43,164,26.019325289332357,21.295029223832596
FY2024,Nagpur,2,Maharashtra,287.0,0.87,324,39,220,23.6911286486404,19.413576896675796
FY2024,Kochi,2,Kerala,270.3,0.66,405,35,187,20.410426262823314,21.81218325634697
FY2024,Coimbatore,2,Tamil Nadu,224.6,0.62,354,37,159,21.475706061468557,20.302063300274742
FY2024,Patna,2,Bihar,215.2,0.72,308,46,90,29.57396416425011,21.62804873727024
FY2024,Visakhapatnam,2,Andhra Pradesh,214.3,0.61,364,34,171,24.031514234687144,21.892601131377095
FY2024,Vadodara,2,Gujarat,167.8,0.49,343,36,137,19.06502590888179,22.168836917467424
FY2024,Bhubaneswar,3,Odisha,129.5,0.43,291,43,154,31.895125697855853,20.725589802201316
FY2024,Guwahati,3,Assam,100.0,0.34,279,45,150,33.97198727221949,21.353814596269636
FY2024,Nashik,3,Maharashtra,126.7,0.41,317,39,61,26.547236618292143,20.730471066459035
FY2024,Agra,3,Uttar Pradesh,69.8,0.24,305,43,125,32.422213340746055,20.91070519557746
FY2024,Mysuru,3,Karnataka,95.7,0.28,336,35,73,27.021783245424242,22.034040468587946
FY2024,Rest of India,3,Multiple,3483.6,12.44,277,47,2325,29.931160355742136,21.471847795047736
FY2025,Bengaluru,1,Karnataka,5503.3,11.47,483,34,2078,20.2821598118305,19.828398177887276
FY2025,Delhi NCR,1,Delhi/NCR,5352.3,11.64,448,36,2114,16.2490871734992,20.685834457874403
FY2025,Mumbai,1,Maharashtra,4963.1,10.13,501,37,1862,12.981515174114591,20.52058145570895
FY2025,Hyderabad,1,Telangana,3302.1,7.42,457,29,1432,17.71290749760843,19.411341863719866
FY2025,Chennai,1,Tamil Nadu,2766.0,6.59,405,29,1227,19.77303529084725,20.312047028332962
FY2025,Pune,1,Maharashtra,2015.4,4.69,447,33,927,20.812655494160403,22.42265234063995
FY2025,Kolkata,1,West Bengal,1658.2,4.36,385,35,880,14.815815213714593,20.83084245459552
FY2025,Ahmedabad,2,Gujarat,1109.2,3.08,358,34,620,23.18155033518289,20.34470640982727
FY2025,Jaipur,2,Rajasthan,819.1,2.41,335,39,456,26.70246890445935,22.115923243618205
FY2025,Lucknow,2,Uttar Pradesh,734.2,2.22,342,42,356,24.018079423373393,21.263969265840533
FY2025,Chandigarh,2,Punjab,547.5,1.37,412,35,296,23.846368845997,22.45173760567861
FY2025,Indore,2,Madhya Pradesh,523.1,1.63,321,37,383,30.465563106963053,21.878880350231093
FY2025,Surat,2,Gujarat,496.4,1.42,339,35,214,25.59637090012408,22.03122361325143
FY2025,Bhopal,2,Madhya Pradesh,386.6,1.25,327,39,320,29.92365677588967,19.52645911886235
FY2025,Nagpur,2,Maharashtra,371.8,1.13,339,40,179,25.414488814994485,19.222291403565006
FY2025,Kochi,2,Kerala,312.7,0.76,395,35,140,21.188334257530318,21.845153531955273
FY2025,Coimbatore,2,Tamil Nadu,314.4,0.87,347,37,128,23.61392449108306,22.306680054588497
FY2025,Patna,2,Bihar,271.6,0.91,301,46,190,28.230271971039148,19.880048538291295
FY2025,Visakhapatnam,2,Andhra Pradesh,248.6,0.71,338,34,189,25.54199479303337,19.16413763726927
FY2025,Vadodara,2,Gujarat,211.5,0.62,350,37,178,23.98822894037501,20.07722033919867
FY2025,Bhubaneswar,3,Odisha,196.7,0.66,289,42,124,32.53973538282582,20.680160884564664
FY2025,Guwahati,3,Assam,144.0,0.5,295,44,114,33.277784969053464,19.477300164553693
FY2025,Nashik,3,Maharashtra,127.8,0.41,328,40,52,29.328893651253352,19.318507318679657
FY2025,Agra,3,Uttar Pradesh,119.5,0.41,307,45,52,31.73252020136724,22.01827298061361
FY2025,Mysuru,3,Karnataka,128.4,0.38,328,36,162,24.95269775847723,19.903855359046354
FY2025,Rest of India,3,Multiple,4377.6,15.63,298,50,2888,28.800405125900355,19.840509665723676
