fiscal_year,city,tier,dark_stores,gov_cr,avg_delivery_time_min,top_category,orders_mn,avg_order_value_rs,yoy_growth_pct
FY2022,Bengaluru,1,28,103.4,11,Fruits & Vegetables,0.25,395,32.8
FY2022,Mumbai,1,27,91.1,13,Dairy & Bakery,0.22,446,30.3
FY2022,Delhi NCR,1,26,90.0,14,Snacks & Beverages,0.22,398,36.4
FY2022,Hyderabad,1,18,49.5,14,Fruits & Vegetables,0.12,401,21.8
FY2022,Chennai,1,14,45.9,12,Dairy & Bakery,0.11,425,27.3
FY2022,Pune,1,13,39.8,10,Snacks & Beverages,0.1,405,36.0
FY2022,Kolkata,1,8,29.7,14,Staples & Cooking,0.07,442,27.5
FY2022,Ahmedabad,2,6,11.9,13,Staples & Cooking,0.03,387,35.0
FY2022,Jaipur,2,8,25.7,16,Snacks & Beverages,0.06,407,27.4
FY2022,Lucknow,2,4,17.7,18,Dairy & Bakery,0.04,435,22.7
FY2022,Chandigarh,2,4,19.9,16,Dairy & Bakery,0.05,397,28.9
FY2022,Indore,2,4,5.9,16,Staples & Cooking,0.01,407,20.4
FY2022,Surat,2,1,16.0,16,Fruits & Vegetables,0.04,423,24.7
FY2022,Coimbatore,2,5,8.8,17,Fruits & Vegetables,0.02,389,35.8
FY2022,Kochi,2,5,6.0,16,Dairy & Bakery,0.01,413,31.2
FY2022,Nagpur,2,1,7.1,18,Staples & Cooking,0.02,420,26.7
FY2022,Bhopal,2,3,8.6,19,Snacks & Beverages,0.02,438,27.1
FY2022,Visakhapatnam,2,3,5.0,17,Fruits & Vegetables,0.01,412,20.2
FY2022,Patna,2,3,5.0,23,Staples & Cooking,0.01,441,25.7
FY2022,Vadodara,2,1,5.0,20,Dairy & Bakery,0.01,410,28.2
FY2023,Bengaluru,1,62,614.9,10,Fruits & Vegetables,1.5,383,55.3
FY2023,Mumbai,1,55,557.3,13,Dairy & Bakery,1.36,441,115.4
FY2023,Delhi NCR,1,59,514.3,14,Snacks & Beverages,1.25,424,105.0
FY2023,Hyderabad,1,41,313.1,12,Fruits & Vegetables,0.76,399,70.8
FY2023,Chennai,1,33,260.3,13,Dairy & Bakery,0.63,390,115.6
FY2023,Pune,1,33,198.3,10,Snacks & Beverages,0.48,385,76.9
FY2023,Kolkata,1,21,138.7,13,Staples & Cooking,0.34,423,68.1
FY2023,Ahmedabad,2,17,82.2,17,Staples & Cooking,0.2,396,62.6
FY2023,Jaipur,2,14,64.7,15,Snacks & Beverages,0.16,448,109.0
FY2023,Lucknow,2,12,54.2,20,Dairy & Bakery,0.13,388,68.3
FY2023,Chandigarh,2,10,36.7,17,Dairy & Bakery,0.09,443,105.8
FY2023,Indore,2,9,45.9,19,Staples & Cooking,0.11,409,108.6
FY2023,Surat,2,9,40.4,17,Fruits & Vegetables,0.1,405,114.0
FY2023,Coimbatore,2,4,35.9,14,Fruits & Vegetables,0.09,397,108.1
FY2023,Kochi,2,6,29.6,13,Dairy & Bakery,0.07,402,83.5
FY2023,Nagpur,2,3,13.8,17,Staples & Cooking,0.03,445,90.3
FY2023,Bhopal,2,4,18.6,20,Snacks & Beverages,0.05,386,102.5
FY2023,Visakhapatnam,2,2,8.5,21,Fruits & Vegetables,0.02,412,89.7
FY2023,Patna,2,2,18.7,20,Staples & Cooking,0.05,406,103.4
FY2023,Vadodara,2,3,13.2,19,Dairy & Bakery,0.03,384,112.0
FY2024,Bengaluru,1,93,1606.4,13,Fruits & Vegetables,3.92,410,79.6
FY2024,Mumbai,1,90,1486.0,15,Dairy & Bakery,3.62,387,64.7
FY2024,Delhi NCR,1,93,1379.8,13,Snacks & Beverages,3.37,406,96.7
FY2024,Hyderabad,1,65,851.4,11,Fruits & Vegetables,2.08,422,93.9
FY2024,Chennai,1,56,680.4,10,Dairy & Bakery,1.66,417,69.8
FY2024,Pune,1,47,538.2,13,Snacks & Beverages,1.31,392,64.0
FY2024,Kolkata,1,34,368.4,15,Staples & Cooking,0.9,422,115.6
FY2024,Ahmedabad,2,29,255.0,17,Staples & Cooking,0.62,416,101.0
FY2024,Jaipur,2,21,186.8,16,Snacks & Beverages,0.46,388,82.6
FY2024,Lucknow,2,20,137.8,16,Dairy & Bakery,0.34,390,84.3
FY2024,Chandigarh,2,18,135.7,17,Dairy & Bakery,0.33,433,109.4
FY2024,Indore,2,12,108.6,18,Staples & Cooking,0.26,419,94.5
FY2024,Surat,2,10,89.3,16,Fruits & Vegetables,0.22,431,106.2
FY2024,Coimbatore,2,9,62.9,17,Fruits & Vegetables,0.15,404,111.1
FY2024,Kochi,2,9,66.2,15,Dairy & Bakery,0.16,413,114.7
FY2024,Nagpur,2,8,39.2,19,Staples & Cooking,0.1,430,71.1
FY2024,Bhopal,2,5,42.8,22,Snacks & Beverages,0.1,412,78.6
FY2024,Visakhapatnam,2,6,46.2,20,Fruits & Vegetables,0.11,428,66.6
FY2024,Patna,2,5,25.7,23,Staples & Cooking,0.06,442,119.8
FY2024,Vadodara,2,2,21.7,22,Dairy & Bakery,0.05,430,68.6
FY2025,Bengaluru,1,133,2898.7,13,Fruits & Vegetables,7.07,428,57.4
FY2025,Mumbai,1,123,2674.1,13,Dairy & Bakery,6.52,426,89.3
FY2025,Delhi NCR,1,129,2467.0,14,Snacks & Beverages,6.02,442,61.7
FY2025,Hyderabad,1,93,1514.4,12,Fruits & Vegetables,3.69,411,72.7
FY2025,Chennai,1,77,1238.6,12,Dairy & Bakery,3.02,434,65.1
FY2025,Pune,1,66,954.2,10,Snacks & Beverages,2.33,436,69.4
FY2025,Kolkata,1,49,655.1,12,Staples & Cooking,1.6,446,112.7
FY2025,Ahmedabad,2,40,431.0,14,Staples & Cooking,1.05,414,70.8
FY2025,Jaipur,2,30,333.1,18,Snacks & Beverages,0.81,416,64.2
FY2025,Lucknow,2,24,251.3,16,Dairy & Bakery,0.61,402,110.1
FY2025,Chandigarh,2,24,229.4,18,Dairy & Bakery,0.56,439,100.8
FY2025,Indore,2,17,184.4,19,Staples & Cooking,0.45,390,71.9
FY2025,Surat,2,15,144.1,18,Fruits & Vegetables,0.35,399,95.6
FY2025,Coimbatore,2,12,116.9,17,Fruits & Vegetables,0.29,403,62.4
FY2025,Kochi,2,14,128.4,13,Dairy & Bakery,0.31,393,103.2
FY2025,Nagpur,2,10,92.8,17,Staples & Cooking,0.23,401,109.3
FY2025,Bhopal,2,10,65.8,22,Snacks & Beverages,0.16,416,56.2
FY2025,Visakhapatnam,2,7,75.7,18,Fruits & Vegetables,0.18,420,72.8
FY2025,Patna,2,3,43.6,21,Staples & Cooking,0.11,406,113.5
FY2025,Vadodara,2,5,48.4,21,Dairy & Bakery,0.12,432,66.4
