month,subscribers_mn,member_aov_rs,non_member_aov_rs,member_monthly_orders,non_member_monthly_orders,subscription_revenue_cr,free_delivery_cost_cr
Apr 2022,0.5,510.0,380.0,4.2,1.8,4.95,3.0
May 2022,0.53,512.0,382.0,4.23,1.81,5.25,3.18
Jun 2022,0.56,515.0,384.0,4.26,1.82,5.56,3.37
Jul 2022,0.6,518.0,385.0,4.29,1.83,5.9,3.57
Aug 2022,0.63,520.0,387.0,4.32,1.84,6.25,3.79
Sep 2022,0.67,522.0,389.0,4.35,1.85,6.62,4.01
Oct 2022,0.71,525.0,391.0,4.38,1.86,7.02,4.26
Nov 2022,0.75,528.0,393.0,4.41,1.87,7.44,4.51
Dec 2022,0.8,530.0,394.0,4.44,1.88,7.89,4.78
Jan 2023,0.84,532.0,396.0,4.47,1.89,8.36,5.07
Feb 2023,0.9,535.0,398.0,4.5,1.9,8.86,5.37
Mar 2023,0.95,538.0,400.0,4.53,1.91,9.4,5.69
Apr 2023,1.01,540.0,402.0,4.56,1.92,9.96,6.04
May 2023,1.07,542.0,403.0,4.59,1.93,10.56,6.4
Jun 2023,1.13,545.0,405.0,4.62,1.94,11.19,6.78
Jul 2023,1.2,548.0,407.0,4.65,1.95,11.86,7.19
Aug 2023,1.27,550.0,409.0,4.68,1.96,12.57,7.62
Sep 2023,1.35,552.0,411.0,4.71,1.97,13.33,8.08
Oct 2023,1.43,555.0,412.0,4.74,1.98,14.13,8.56
Nov 2023,1.51,558.0,414.0,4.77,1.99,14.98,9.08
Dec 2023,1.6,560.0,416.0,4.8,2.0,15.88,9.62
Jan 2024,1.7,562.0,418.0,4.83,2.01,16.83,10.2
Feb 2024,1.8,565.0,420.0,4.86,2.02,17.84,10.81
Mar 2024,1.91,568.0,421.0,4.89,2.03,18.91,11.46
Apr 2024,2.02,570.0,423.0,4.92,2.04,20.04,12.15
May 2024,2.15,572.0,425.0,4.95,2.05,21.24,12.88
Jun 2024,2.27,575.0,427.0,4.98,2.06,22.52,13.65
Jul 2024,2.41,578.0,429.0,5.01,2.07,23.87,14.47
Aug 2024,2.56,580.0,430.0,5.04,2.08,25.3,15.34
Sep 2024,2.71,582.0,432.0,5.07,2.09,26.82,16.26
Oct 2024,2.87,585.0,434.0,5.1,2.1,28.43,17.23
Nov 2024,3.04,588.0,436.0,5.13,2.11,30.14,18.26
Dec 2024,3.23,590.0,438.0,5.16,2.12,31.94,19.36
Jan 2025,3.42,592.0,439.0,5.19,2.13,33.86,20.52
Feb 2025,3.63,595.0,441.0,5.22,2.14,35.89,21.75
Mar 2025,3.84,598.0,443.0,5.25,2.15,38.05,23.06
