quarter,period,revenue_cr,net_loss_cr,food_delivery_gov_cr,instamart_gov_cr,total_gov_cr
Q1 FY2024,Apr-Jun 2023,2450,-680,6100,1400,7500
Q2 FY2024,Jul-Sep 2023,2700,-590,6500,1700,8200
Q3 FY2024,Oct-Dec 2023,3100,-340,7200,2100,9300
Q4 FY2024,Jan-Mar 2024,3384,-278,7200,2869,10069
Q1 FY2025,Apr-Jun 2024,3600,-360,7800,3200,11000
Q2 FY2025,Jul-Sep 2024,3900,-320,8200,3800,12000
Q3 FY2025,Oct-Dec 2024,4200,-250,8600,4200,12800
Q4 FY2025,Jan-Mar 2025,3500,-170,7400,3300,10700
Q1 FY2026,Apr-Jun 2025,5048,-1197,8100,5500,13600
Q2 FY2026,Jul-Sep 2025,5620,-1092,8600,6200,14800
Q3 FY2026,Oct-Dec 2025,6244,-1065,9100,7000,16100
Q4 FY2026,Jan-Mar 2026,6649,-800,9300,7500,16800
Q1 FY2027,Apr-Jun 2026,6812,-791,9490,7907,17397
